
INSERT INTO `docente` (`id`, `nombres`, `apellidos`) VALUES
(1, 'Junior Eugenio', 'Cachay Maco'),
(2, 'Roger Ernesto', 'Alarcon Garcia'),
(3, 'Karla Cecilia', 'Reyes Burgos'),
(4, 'Alicia Lizet', 'Niño Effio'),
(5, 'Absalon', 'Rivasplata Sanchez'),
(6, 'Edwar Glorimer', 'Lujan Segura'),
(7, 'Julio Cesar', 'Moreno Descalzi'),
(8, 'Luis Augusto', 'Zuñe Bispo'),
(9, 'Alexander Omar', 'Cruzado Quiroz'),
(10, 'Gregorio Manuel', 'Leon Tenorio'),
(11, 'Marco Antonio', 'Alberca Balarezo'),
(12, 'Consuelo Invonne', 'Del Castillo Castro'),
(13, 'Yesabella Katherine', 'Brenis Delgado'),
(14, 'Jose Fortunato', 'Zuloaga Cachay'),
(15, 'Jessie Leila', 'Bravo Jaico'),
(16, 'Maria Lourdes', 'Redondo Redondo'),
(17, 'Rony Rafael', 'Garcia Apestegui'),
(18, 'Mariana', 'Chavarry Chankay'),
(19, 'Doris Liliana', 'Moscol Mogollon'),
(20, 'Javier Alejandro', 'Huaman Angulo'),
(21, 'William Alfredo', 'Noblecilla Vinces'),
(22, 'Nancy Emilia', 'Estela Salazar'),
(23, 'Miguel Angel', 'Diaz Espino'),
(24, 'Segundo José', 'Castillo Zumarán'),
(25, 'Ernesto Ludwin', 'Nicho Cordova'),
(26, 'Claudia Emperatriz', 'Rodriguez Ortiz'),
(27, 'David Ysrael', 'Gonzales Lopez'),
(28, 'Fernando Pavel', 'Diaz Chero'),
(29, 'Martha Elizabeth', 'Chavez Alarcon'),
(30, 'Luis Orlando', 'Morante Adrianzen'),
(31, 'Luis', 'Saavedra Carrasco'),
(32, 'Karhy Estela', 'Cipriano Urtecho de Yong'),
(33, 'Jose Fernando', 'Quiroz Vidarte'),
(34, 'Jenny Patricia', 'Palacios Kuoc');



INSERT INTO `color` (`id`, `nombre`, `valor`) VALUES
(1, 'rojo', 'darkred'       ),
(2, 'azul', 'darkblue'      ),
(3, 'verde', 'green'        ),
(4, 'amarillo', 'yellow'    ),
(5, 'naranja', 'orange'     ),
(6, 'morado', 'purple'      ),
(7, 'Extra', '#333F4F'    ),
(8, 'pa taller', 'darkgrey' ),
(9, 'prueba', '#ff1ad5'   ),
(10, 'aa', '#00ced1'      );



INSERT INTO `semestre` (`codigo`) VALUES
('2022-1'),
('2022-2'),
('2023-1'),
('2023-2'),
('2024-1'),
('2024-2'),
('2025-1'),
('2025-2');





INSERT INTO `curso` (`id`, `siglas`, `nombre`, `creditos`, `ciclo`, `colorid`) VALUES
(1, 'DAW', 'Desarrollo de Aplicaciones Web', 4, 6, 3),
(2, 'DAE', 'Desarrollo de Aplicaciones de Escritorio', 4, 6, 2),
(3, 'IA', 'Inteligencia Artificial', 4, 6, 5),
(4, 'FC', 'Fe y Cultura', 3, 6, 6),
(5, 'INVOPE', 'Investigación en Operaciones', 3, 6, 4),
(6, 'SO', 'Sistemas Operativos', 3, 6, 1),
(7, 'DW', 'Diseño Web', 3, 5, 3),
(8, 'BD', 'Base de Datos', 4, 4, 4),
(9, 'ANTRO', 'Antropologia Filosofica', 3, 4, 6),
(10, 'ED', 'Ecuaciones Diferenciales y Métodos Númericos', 4, 4, 5),
(11, 'CRB', 'Comprensión De Textos Y Redacción Básica', 3, 1, 6),
(12, 'DCD', 'Desarrollo De Competencias Digitales', 2, 1, 3),
(13, 'EST', 'Estrategias Para El Aprendizaje Autónomo', 3, 1, 7),
(14, 'IISC', 'Introducción A La Ingeniería De Sistemas Y Computación', 3, 1, 4),
(15, 'MB', 'Matemática Básica', 3, 1, 5),
(16, 'MD', 'Matemática Discreta', 4, 1, 2),
(17, 'CUV', 'Cálculo De Una Variable', 4, 2, 5),
(18, 'CRTA', 'Comprensión Y Redacción De Textos Académicos', 3, 2, 6),
(19, 'ECOL', 'Ecología Y Desarrollo Sostenible', 3, 2, 7),
(20, 'ECON', 'Economía Y Realidad Nacional', 3, 2, 4),
(21, 'FPR', 'Fundamentos De Programación', 3, 2, 2),
(22, 'TPO', 'Teoría Y Procesos Organizacionales', 3, 2, 3),
(23, 'AER', 'Análisis Y Especificación De Requisitos', 3, 3, 3),
(24, 'CVV', 'Cálculo De Varias Variables', 4, 3, 5),
(25, 'CONTA', 'Contabilidad Y Finanzas', 3, 3, 4),
(26, 'FILO', 'Filosofía', 3, 3, 6),
(27, 'FIS', 'Física De Los Cuerpos Rígidos', 4, 3, 1),
(28, 'MPR', 'Metodologías De Programación', 3, 3, 2),
(29, 'DS', 'Diseño De Software', 3, 4, 3),
(30, 'EM', 'Electricidad Y Magnetismo', 4, 4, 1),
(31, 'EDA', 'Estructura De Datos Y Algoritmos', 3, 4, 2),
(32, 'ABD', 'Administración De Base De Datos', 3, 5, 2),
(33, 'AOC', 'Arquitectura Y Organización De Computadoras', 4, 5, 1),
(34, 'EP', 'Estadística Y Probabilidades', 3, 5, 5),
(35, 'ETI', 'Ética', 3, 5, 6),
(36, 'IP', 'Ingeniería De Procesos', 3, 5, 4),
(37, 'TGS', 'Teoría General De Sistemas', 2, 5, 7),
(38, 'BSKT', 'Taller de Basket', 1, 0, 8),
(39, 'DSI', 'Desarrollo De Sistemas Inteligentes', 2, 7, 5),
(40, 'FDRD', 'Fundamentos Y Diseño De Redes De Datos', 3, 7, 1),
(41, 'ICS', 'Ingeniería Y Calidad De Software', 4, 7, 2),
(42, 'IN', 'Inteligencia De Negocios', 3, 7, 7),
(43, 'IEI', 'Investigación En Ingeniería', 3, 7, 4),
(44, 'MC', 'Moral Católica', 3, 7, 6),
(45, 'SD', 'Sistemas Distribuidos', 3, 7, 3),
(46, 'CARD', 'Configuración Y Administración De Redes De Datos', 4, 8, 1),
(47, 'DAM', 'Desarrollo De Aplicaciones Móviles', 4, 8, 3),
(48, 'DSI', 'Doctrina Social De La Iglesia', 3, 8, 6),
(49, 'GGTI', 'Gobierno Y Gestión De Tecnologías De Información', 4, 8, 2),
(50, 'MDBD', 'Minería De Datos Y Big Data', 3, 8, 5),
(51, 'PI', 'Proyecto De Investigación', 3, 8, 4),
(52, 'X', 'Configuración Y Administración De Servidores', 4, 9, 1),
(53, 'X', 'Deontología Y Legislación Laboral E Informática', 2, 9, 6),
(54, 'X', 'Gestión De Riesgos Y Seguridad De La Información', 4, 9, 7),
(55, 'X', 'Gestión De Servicios De Tecnologías De Información', 4, 9, 2),
(56, 'X', 'Negocios Electrónicos Y Marketing Digital', 4, 9, 5),
(57, 'X', 'Seminario De Tesis I', 3, 9, 4),
(58, 'X', 'Auditoría De Sistemas De Información', 4, 10, 7),
(59, 'X', 'Desarrollo De Video Juegos', 2, 10, 7),
(60, 'X', 'Emprendimiento De Base Tecnológica', 2, 10, 5),
(61, 'X', 'Gestión De Proyectos De Sistemas De Información', 4, 10, 2),
(62, 'X', 'Seguridad Informática', 3, 10, 1),
(63, 'X', 'Seminario De Tesis II', 3, 10, 4),
(64, 'X', 'Sistemas ERP', 2, 10, 7),
(65, 'X', 'Tópicos Avanzados En Desarrollo De Software', 3, 10, 3),
(73, '', '', 0, 0, 1);


INSERT INTO `prerrequisito` (`cursoid`, `cursoid_pre`) VALUES
(1, 7),
(1, 32),
(2, 32),
(3, 34),
(4, 35),
(5, 34),
(6, 33),
(7, 29),
(8, 23),
(8, 25),
(9, 26),
(10, 24),
(17, 15),
(18, 11),
(19, 13),
(20, 14),
(21, 15),
(21, 16),
(22, 12),
(23, 22),
(24, 17),
(25, 20),
(26, 18),
(27, 17),
(28, 21),
(29, 23),
(30, 27),
(31, 28),
(32, 8),
(32, 31),
(33, 30),
(34, 10),
(35, 9),
(36, 29),
(37, 9),
(39, 3),
(40, 6),
(41, 2),
(42, 32),
(43, 5),
(44, 4),
(45, 1),
(46, 40),
(47, 45),
(48, 44),
(49, 41),
(50, 39),
(50, 42),
(51, 43),
(52, 46),
(53, 48),
(54, 49),
(55, 49),
(56, 50),
(57, 47),
(57, 51),
(58, 54),
(59, 47),
(60, 56),
(61, 55),
(62, 52),
(63, 57),
(64, 47),
(65, 57);



INSERT INTO `usuario` (`id`, `nombre`, `username`, `password`) VALUES 
(NULL, 'yo', 'yo', '123456');


